-- Optional sample INSERTs

INSERT INTO customers (customer_id, customer_name, region)
VALUES
('1', 'Customer 1', 'North'),
('2', 'Customer 2', 'East'),
('3', 'Customer 3', 'South'),
('4', 'Customer 4', 'West'),
('5', 'Customer 5', 'West'),
('6', 'Customer 6', 'West'),
('7', 'Customer 7', 'North'),
('8', 'Customer 8', 'West'),
('9', 'Customer 9', 'East'),
('10', 'Customer 10', 'West'),
('11', 'Customer 11', 'West'),
('12', 'Customer 12', 'South'),
('13', 'Customer 13', 'South'),
('14', 'Customer 14', 'West'),
('15', 'Customer 15', 'East'),
('16', 'Customer 16', 'West'),
('17', 'Customer 17', 'South'),
('18', 'Customer 18', 'West'),
('19', 'Customer 19', 'West'),
('20', 'Customer 20', 'East'),
('21', 'Customer 21', 'West'),
('22', 'Customer 22', 'South'),
('23', 'Customer 23', 'West'),
('24', 'Customer 24', 'East'),
('25', 'Customer 25', 'West');

INSERT INTO products (product_id, product_name, category, list_price)
VALUES
('501', 'Gizmo A', 'Hardware', '120.0'),
('502', 'Gizmo B', 'Hardware', '85.5'),
('503', 'Widget X', 'Software', '49.99'),
('504', 'Widget Y', 'Software', '79.0'),
('505', 'Cable Pro', 'Accessories', '19.99'),
('506', 'Case Max', 'Accessories', '24.99');

INSERT INTO orders (order_id, customer_id, order_date, total_amount)
VALUES
('1001', '5', '2024-01-10', '1327.43'),
('1002', '19', '2024-01-19', '69.98'),
('1003', '2', '2024-01-20', '632.0'),
('1004', '19', '2024-01-15', '870.98'),
('1005', '17', '2024-01-16', '469.91'),
('1006', '14', '2024-01-06', '445.99'),
('1007', '19', '2024-01-26', '309.89'),
('1008', '3', '2024-01-09', '609.9'),
('1009', '23', '2024-01-13', '599.97'),
('1010', '2', '2024-01-07', '566.0'),
('1011', '15', '2024-01-13', '501.93'),
('1012', '22', '2024-01-13', '256.5'),
('1013', '22', '2024-01-08', '395.0'),
('1014', '9', '2024-01-10', '342.0'),
('1015', '12', '2024-01-20', '842.49'),
('1016', '13', '2024-01-13', '1059.96'),
('1017', '6', '2024-01-04', '179.97'),
('1018', '4', '2024-01-12', '240.0'),
('1019', '13', '2024-01-05', '569.91'),
('1020', '15', '2024-01-16', '285.43'),
('1021', '23', '2024-01-06', '427.5'),
('1022', '5', '2024-01-23', '59.97'),
('1023', '3', '2024-01-23', '743.97'),
('1024', '25', '2024-01-17', '431.96'),
('1025', '8', '2024-01-07', '1074.49'),
('1026', '15', '2024-01-26', '477.49'),
('1027', '11', '2024-01-07', '679.91'),
('1028', '4', '2024-01-13', '395.0'),
('1029', '24', '2024-01-13', '539.98'),
('1030', '15', '2024-01-26', '336.95'),
('1031', '18', '2024-01-18', '144.99'),
('1032', '24', '2024-01-05', '827.48'),
('1033', '11', '2024-01-09', '635.43'),
('1034', '5', '2024-01-18', '579.95'),
('1035', '20', '2024-01-01', '566.0'),
('1036', '4', '2024-01-18', '249.95'),
('1037', '18', '2024-01-16', '19.99'),
('1038', '7', '2024-01-09', '600.0'),
('1039', '18', '2024-01-01', '237.0'),
('1040', '17', '2024-01-20', '469.97'),
('1041', '16', '2024-01-17', '374.9'),
('1042', '15', '2024-01-05', '1036.0'),
('1043', '22', '2024-01-10', '256.5'),
('1044', '9', '2024-01-05', '914.5'),
('1045', '13', '2024-01-11', '741.46'),
('1046', '15', '2024-01-15', '237.0'),
('1047', '20', '2024-01-10', '240.0'),
('1048', '3', '2024-01-09', '576.98'),
('1049', '5', '2024-01-18', '753.97'),
('1050', '1', '2024-01-21', '49.99'),
('1051', '8', '2024-01-03', '919.96'),
('1052', '20', '2024-01-05', '39.98'),
('1053', '6', '2024-01-09', '171.0'),
('1054', '21', '2024-01-10', '239.94'),
('1055', '12', '2024-01-26', '49.99'),
('1056', '1', '2024-01-24', '421.96'),
('1057', '22', '2024-01-27', '289.87'),
('1058', '7', '2024-02-26', '477.0'),
('1059', '3', '2024-02-20', '377.96'),
('1060', '22', '2024-02-09', '554.97'),
('1061', '6', '2024-02-08', '655.44'),
('1062', '7', '2024-02-11', '439.0'),
('1063', '9', '2024-02-16', '547.5'),
('1064', '3', '2024-02-04', '298.94'),
('1065', '19', '2024-02-16', '361.95'),
('1066', '16', '2024-02-04', '774.93'),
('1067', '14', '2024-02-23', '119.94'),
('1068', '19', '2024-02-25', '360.0'),
('1069', '12', '2024-02-03', '689.93'),
('1070', '9', '2024-01-31', '1224.94'),
('1071', '3', '2024-02-27', '829.0'),
('1072', '16', '2024-02-21', '1249.98'),
('1073', '11', '2024-02-08', '264.45'),
('1074', '9', '2024-02-21', '49.98'),
('1075', '16', '2024-02-09', '434.98'),
('1076', '3', '2024-02-15', '199.96'),
('1077', '17', '2024-02-14', '263.49'),
('1078', '24', '2024-02-16', '249.92'),
('1079', '12', '2024-02-07', '1135.96'),
('1080', '10', '2024-02-23', '474.0'),
('1081', '11', '2024-01-31', '464.95'),
('1082', '10', '2024-02-08', '1235.0'),
('1083', '25', '2024-02-08', '49.99'),
('1084', '22', '2024-02-09', '651.5'),
('1085', '7', '2024-02-24', '278.91'),
('1086', '24', '2024-02-02', '99.96'),
('1087', '20', '2024-02-24', '153.97'),
('1088', '5', '2024-02-05', '694.94'),
('1089', '16', '2024-02-17', '609.94'),
('1090', '8', '2024-02-14', '914.5'),
('1091', '6', '2024-02-10', '99.98'),
('1092', '9', '2024-02-25', '796.0'),
('1093', '17', '2024-02-06', '979.9'),
('1094', '17', '2024-02-16', '702.0'),
('1095', '21', '2024-02-14', '531.45'),
('1096', '3', '2024-02-12', '588.99'),
('1097', '23', '2024-02-20', '910.99'),
('1098', '23', '2024-02-09', '154.93'),
('1099', '25', '2024-02-03', '360.0'),
('1100', '19', '2024-02-06', '919.93'),
('1101', '11', '2024-02-20', '822.5'),
('1102', '1', '2024-02-13', '561.96'),
('1103', '9', '2024-02-07', '353.91'),
('1104', '22', '2024-02-12', '484.95'),
('1105', '7', '2024-02-15', '441.98'),
('1106', '9', '2024-02-24', '1166.0'),
('1107', '14', '2024-02-21', '39.98'),
('1108', '7', '2024-03-01', '103.99'),
('1109', '13', '2024-03-15', '364.97'),
('1110', '21', '2024-03-17', '767.93'),
('1111', '1', '2024-03-03', '478.98'),
('1112', '12', '2024-03-25', '815.5'),
('1113', '15', '2024-03-07', '1021.96'),
('1114', '13', '2024-03-02', '304.94'),
('1115', '9', '2024-03-11', '149.97'),
('1116', '10', '2024-03-01', '240.0'),
('1117', '16', '2024-03-23', '980.5'),
('1118', '10', '2024-03-27', '189.95'),
('1119', '12', '2024-03-26', '39.98'),
('1120', '25', '2024-03-06', '103.99'),
('1121', '18', '2024-03-18', '711.95'),
('1122', '7', '2024-03-04', '1224.0'),
('1123', '8', '2024-03-24', '149.97'),
('1124', '19', '2024-03-09', '662.97'),
('1125', '8', '2024-03-05', '326.97'),
('1126', '17', '2024-03-17', '124.95'),
('1127', '4', '2024-03-01', '611.97'),
('1128', '20', '2024-03-27', '399.98'),
('1129', '20', '2024-03-09', '600.0'),
('1130', '20', '2024-03-12', '459.98'),
('1131', '7', '2024-03-09', '39.98'),
('1132', '11', '2024-03-14', '562.99'),
('1133', '18', '2024-03-16', '79.0'),
('1134', '22', '2024-03-18', '364.95'),
('1135', '23', '2024-03-09', '678.88'),
('1136', '1', '2024-03-28', '451.48'),
('1137', '6', '2024-03-14', '480.0'),
('1138', '12', '2024-03-15', '685.5'),
('1139', '21', '2024-03-26', '955.92'),
('1140', '10', '2024-03-06', '436.0'),
('1141', '10', '2024-03-05', '237.0'),
('1142', '20', '2024-03-21', '779.92'),
('1143', '7', '2024-03-27', '1250.0'),
('1144', '4', '2024-03-05', '649.98'),
('1145', '2', '2024-03-22', '619.93'),
('1146', '14', '2024-03-10', '390.97'),
('1147', '17', '2024-03-15', '199.96'),
('1148', '8', '2024-03-15', '860.96'),
('1149', '15', '2024-04-16', '240.0'),
('1150', '24', '2024-04-10', '600.0'),
('1151', '21', '2024-04-25', '139.99'),
('1152', '5', '2024-04-15', '590.97'),
('1153', '11', '2024-04-19', '565.95'),
('1154', '9', '2024-04-19', '389.97'),
('1155', '13', '2024-04-05', '282.96'),
('1156', '2', '2024-04-20', '519.94'),
('1157', '18', '2024-04-20', '781.38'),
('1158', '25', '2024-04-02', '590.91'),
('1159', '19', '2024-04-21', '220.98'),
('1160', '20', '2024-04-20', '1214.49'),
('1161', '2', '2024-03-31', '600.0'),
('1162', '10', '2024-04-03', '684.93'),
('1163', '7', '2024-04-11', '539.98'),
('1164', '21', '2024-04-04', '481.95'),
('1165', '20', '2024-04-20', '490.91'),
('1166', '18', '2024-03-31', '476.45'),
('1167', '7', '2024-04-04', '667.39'),
('1168', '10', '2024-04-02', '249.9'),
('1169', '13', '2024-04-27', '1110.96'),
('1170', '21', '2024-04-01', '149.97'),
('1171', '2', '2024-04-08', '924.9'),
('1172', '6', '2024-04-08', '306.48'),
('1173', '13', '2024-04-10', '711.0'),
('1174', '23', '2024-03-31', '158.0'),
('1175', '10', '2024-04-25', '414.99'),
('1176', '6', '2024-04-04', '120.0'),
('1177', '20', '2024-04-05', '291.0'),
('1178', '3', '2024-04-23', '600.0'),
('1179', '7', '2024-04-26', '99.96'),
('1180', '8', '2024-04-06', '240.0'),
('1181', '21', '2024-04-09', '829.93'),
('1182', '1', '2024-04-11', '374.91'),
('1183', '16', '2024-04-27', '493.99'),
('1184', '12', '2024-04-15', '99.95'),
('1185', '23', '2024-04-27', '59.97'),
('1186', '14', '2024-03-31', '409.99'),
('1187', '4', '2024-04-15', '644.95'),
('1188', '19', '2024-04-05', '449.0'),
('1189', '23', '2024-04-17', '74.97'),
('1190', '4', '2024-04-12', '353.94'),
('1191', '18', '2024-05-16', '316.0'),
('1192', '20', '2024-05-24', '249.95'),
('1193', '17', '2024-05-04', '778.92'),
('1194', '8', '2024-05-04', '347.95'),
('1195', '20', '2024-05-04', '356.45'),
('1196', '6', '2024-05-07', '366.99'),
('1197', '13', '2024-05-04', '386.97'),
('1198', '4', '2024-05-20', '99.98'),
('1199', '15', '2024-05-01', '316.0'),
('1200', '8', '2024-05-16', '415.46'),
('1201', '24', '2024-05-07', '803.41'),
('1202', '4', '2024-05-14', '490.96'),
('1203', '14', '2024-05-15', '1119.95'),
('1204', '13', '2024-05-26', '590.93'),
('1205', '12', '2024-05-03', '234.9'),
('1206', '11', '2024-05-13', '1215.99'),
('1207', '9', '2024-05-12', '896.97'),
('1208', '8', '2024-05-09', '612.48'),
('1209', '7', '2024-05-15', '356.46'),
('1210', '10', '2024-05-24', '493.5'),
('1211', '13', '2024-05-21', '311.97'),
('1212', '8', '2024-05-20', '535.95'),
('1213', '12', '2024-05-04', '778.98'),
('1214', '12', '2024-05-20', '24.99'),
('1215', '3', '2024-05-20', '1020.95'),
('1216', '25', '2024-05-14', '993.5'),
('1217', '20', '2024-05-25', '124.95'),
('1218', '10', '2024-05-06', '194.92'),
('1219', '4', '2024-05-08', '822.99'),
('1220', '23', '2024-05-15', '257.95'),
('1221', '1', '2024-05-05', '869.0'),
('1222', '14', '2024-05-21', '256.5'),
('1223', '21', '2024-04-30', '19.99'),
('1224', '24', '2024-05-10', '79.96'),
('1225', '25', '2024-05-04', '342.0'),
('1226', '5', '2024-05-10', '74.97'),
('1227', '16', '2024-05-24', '399.92'),
('1228', '18', '2024-05-01', '715.92'),
('1229', '17', '2024-05-11', '459.96'),
('1230', '11', '2024-05-22', '932.49'),
('1231', '18', '2024-05-12', '237.0'),
('1232', '1', '2024-05-01', '419.99'),
('1233', '18', '2024-05-19', '275.42'),
('1234', '21', '2024-05-14', '720.0'),
('1235', '21', '2024-04-30', '416.45'),
('1236', '2', '2024-05-10', '395.0'),
('1237', '19', '2024-05-01', '714.91'),
('1238', '3', '2024-04-30', '485.92'),
('1239', '21', '2024-05-15', '164.5'),
('1240', '22', '2024-05-21', '240.0'),
('1241', '5', '2024-05-15', '249.95'),
('1242', '15', '2024-05-23', '409.98'),
('1243', '25', '2024-05-02', '461.91'),
('1244', '23', '2024-05-01', '120.0'),
('1245', '22', '2024-05-26', '237.0'),
('1246', '24', '2024-05-19', '755.0'),
('1247', '19', '2024-05-23', '443.44'),
('1248', '13', '2024-05-24', '549.86'),
('1249', '20', '2024-05-23', '427.5'),
('1250', '19', '2024-05-13', '415.96'),
('1251', '25', '2024-05-07', '827.42'),
('1252', '10', '2024-05-26', '289.93'),
('1253', '25', '2024-05-15', '435.94'),
('1254', '25', '2024-05-23', '729.95'),
('1255', '23', '2024-05-06', '355.98'),
('1256', '12', '2024-05-24', '342.0'),
('1257', '17', '2024-05-08', '605.98'),
('1258', '3', '2024-05-05', '704.92'),
('1259', '2', '2024-06-14', '699.96'),
('1260', '20', '2024-05-30', '389.94'),
('1261', '19', '2024-06-14', '228.97'),
('1262', '25', '2024-06-17', '149.97'),
('1263', '13', '2024-06-01', '120.0'),
('1264', '12', '2024-06-26', '428.93'),
('1265', '8', '2024-06-19', '124.95'),
('1266', '6', '2024-06-13', '149.96'),
('1267', '2', '2024-06-07', '969.95'),
('1268', '24', '2024-06-19', '691.47'),
('1269', '19', '2024-06-13', '237.0'),
('1270', '9', '2024-06-11', '199.96'),
('1271', '6', '2024-06-13', '243.5'),
('1272', '6', '2024-06-25', '699.98'),
('1273', '4', '2024-06-11', '24.99'),
('1274', '11', '2024-06-09', '153.97'),
('1275', '11', '2024-06-06', '342.0'),
('1276', '5', '2024-06-13', '357.96'),
('1277', '1', '2024-06-07', '659.94'),
('1278', '16', '2024-06-02', '69.97'),
('1279', '16', '2024-06-25', '853.5'),
('1280', '8', '2024-06-02', '445.93'),
('1281', '17', '2024-06-09', '138.97'),
('1282', '12', '2024-06-12', '158.0'),
('1283', '19', '2024-06-04', '598.5'),
('1284', '20', '2024-06-01', '79.96'),
('1285', '6', '2024-06-05', '99.95'),
('1286', '1', '2024-06-01', '334.89'),
('1287', '1', '2024-06-12', '727.47'),
('1288', '12', '2024-06-17', '249.95'),
('1289', '17', '2024-06-01', '99.98'),
('1290', '25', '2024-06-21', '564.94'),
('1291', '17', '2024-06-24', '480.0'),
('1292', '6', '2024-06-04', '149.97'),
('1293', '1', '2024-05-30', '49.98'),
('1294', '1', '2024-06-25', '739.94'),
('1295', '9', '2024-06-02', '1054.97'),
('1296', '18', '2024-06-17', '295.95'),
('1297', '24', '2024-06-11', '579.96'),
('1298', '20', '2024-06-15', '79.0'),
('1299', '11', '2024-06-11', '259.93'),
('1300', '18', '2024-05-31', '456.95'),
('1301', '21', '2024-05-30', '885.46'),
('1302', '17', '2024-06-20', '171.0'),
('1303', '13', '2024-06-23', '519.89'),
('1304', '21', '2024-06-16', '19.99'),
('1305', '4', '2024-06-15', '158.0'),
('1306', '4', '2024-07-08', '269.93'),
('1307', '3', '2024-07-13', '118.98'),
('1308', '14', '2024-07-17', '249.92'),
('1309', '15', '2024-07-18', '527.46'),
('1310', '12', '2024-07-13', '556.96'),
('1311', '8', '2024-07-05', '860.91'),
('1312', '16', '2024-07-07', '804.0'),
('1313', '20', '2024-07-26', '395.96'),
('1314', '25', '2024-07-02', '286.98'),
('1315', '12', '2024-07-03', '349.9'),
('1316', '24', '2024-07-26', '758.93'),
('1317', '16', '2024-07-11', '336.95'),
('1318', '13', '2024-07-26', '794.9'),
('1319', '20', '2024-07-11', '895.98'),
('1320', '10', '2024-07-24', '790.0'),
('1321', '3', '2024-07-25', '848.45'),
('1322', '1', '2024-06-30', '579.86'),
('1323', '14', '2024-07-15', '504.96'),
('1324', '3', '2024-07-15', '729.95'),
('1325', '21', '2024-07-16', '658.0'),
('1326', '25', '2024-07-18', '406.44'),
('1327', '12', '2024-07-01', '474.95'),
('1328', '14', '2024-07-19', '99.95'),
('1329', '7', '2024-07-12', '619.99'),
('1330', '19', '2024-07-19', '99.96'),
('1331', '1', '2024-07-08', '199.96'),
('1332', '19', '2024-06-29', '171.0'),
('1333', '25', '2024-07-16', '204.91'),
('1334', '20', '2024-07-02', '447.49'),
('1335', '4', '2024-07-01', '474.96'),
('1336', '2', '2024-07-19', '124.95'),
('1337', '5', '2024-07-21', '235.47'),
('1338', '21', '2024-07-02', '99.98'),
('1339', '20', '2024-07-11', '240.0'),
('1340', '19', '2024-07-23', '79.0'),
('1341', '8', '2024-07-06', '279.98'),
('1342', '1', '2024-07-26', '680.93'),
('1343', '23', '2024-07-17', '553.0'),
('1344', '8', '2024-07-01', '414.5'),
('1345', '10', '2024-07-11', '639.92'),
('1346', '3', '2024-07-02', '1083.92'),
('1347', '14', '2024-06-30', '295.97'),
('1348', '7', '2024-07-07', '237.96'),
('1349', '12', '2024-07-10', '494.96'),
('1350', '10', '2024-07-14', '391.98'),
('1351', '9', '2024-07-18', '534.93'),
('1352', '25', '2024-07-02', '59.97'),
('1353', '25', '2024-07-23', '1361.49'),
('1354', '6', '2024-07-23', '124.97'),
('1355', '12', '2024-08-23', '400.47'),
('1356', '5', '2024-08-24', '615.93'),
('1357', '12', '2024-08-19', '520.96'),
('1358', '21', '2024-08-01', '299.94'),
('1359', '8', '2024-08-20', '79.0'),
('1360', '6', '2024-08-11', '178.98'),
('1361', '10', '2024-08-18', '119.94'),
('1362', '17', '2024-08-06', '1134.94'),
('1363', '23', '2024-07-30', '384.99'),
('1364', '25', '2024-08-09', '316.0'),
('1365', '20', '2024-08-24', '609.95'),
('1366', '15', '2024-08-08', '806.97'),
('1367', '2', '2024-08-20', '658.47'),
('1368', '2', '2024-08-03', '514.93'),
('1369', '5', '2024-08-19', '970.92'),
('1370', '21', '2024-08-09', '527.45'),
('1371', '4', '2024-08-15', '768.96'),
('1372', '12', '2024-08-13', '269.97'),
('1373', '4', '2024-08-20', '651.5'),
('1374', '12', '2024-08-07', '139.99'),
('1375', '25', '2024-08-13', '74.97'),
('1376', '19', '2024-08-06', '99.96'),
('1377', '16', '2024-08-04', '844.95'),
('1378', '21', '2024-08-20', '314.97'),
('1379', '25', '2024-08-10', '577.47'),
('1380', '6', '2024-08-01', '581.41'),
('1381', '8', '2024-08-09', '159.95'),
('1382', '2', '2024-08-01', '963.95'),
('1383', '21', '2024-07-31', '220.98'),
('1384', '21', '2024-08-10', '480.0'),
('1385', '7', '2024-08-04', '377.95'),
('1386', '3', '2024-08-19', '79.96'),
('1387', '3', '2024-08-12', '49.98'),
('1388', '6', '2024-08-10', '579.95'),
('1389', '3', '2024-08-15', '524.94'),
('1390', '20', '2024-08-17', '360.0'),
('1391', '22', '2024-08-07', '419.9'),
('1392', '8', '2024-08-19', '782.4'),
('1393', '17', '2024-08-05', '667.99'),
('1394', '9', '2024-08-18', '427.5'),
('1395', '9', '2024-08-20', '710.44'),
('1396', '17', '2024-08-16', '79.0'),
('1397', '5', '2024-08-25', '124.95'),
('1398', '15', '2024-08-24', '802.98'),
('1399', '2', '2024-08-10', '480.0'),
('1400', '20', '2024-08-04', '218.95'),
('1401', '4', '2024-08-21', '356.46'),
('1402', '4', '2024-08-05', '899.91'),
('1403', '4', '2024-08-09', '409.96'),
('1404', '23', '2024-08-12', '79.96'),
('1405', '1', '2024-08-13', '360.0'),
('1406', '5', '2024-08-15', '777.41'),
('1407', '25', '2024-08-23', '781.0'),
('1408', '16', '2024-08-25', '120.0'),
('1409', '20', '2024-08-24', '515.91'),
('1410', '12', '2024-08-08', '199.93'),
('1411', '7', '2024-08-03', '665.91');

INSERT INTO order_items (order_item_id, order_id, product_id, quantity, unit_price)
VALUES
('1', '1001', '502', '5', '85.5'),
('2', '1001', '501', '5', '120.0'),
('3', '1001', '503', '5', '49.99'),
('4', '1001', '506', '2', '24.99'),
('5', '1002', '503', '1', '49.99'),
('6', '1002', '505', '1', '19.99'),
('7', '1003', '504', '5', '79.0'),
('8', '1003', '504', '3', '79.0'),
('9', '1004', '503', '2', '49.99'),
('10', '1004', '502', '2', '85.5'),
('11', '1004', '501', '5', '120.0'),
('12', '1005', '506', '4', '24.99'),
('13', '1005', '503', '5', '49.99'),
('14', '1005', '501', '1', '120.0'),
('15', '1006', '502', '4', '85.5'),
('16', '1006', '504', '1', '79.0'),
('17', '1006', '506', '1', '24.99'),
('18', '1007', '503', '3', '49.99'),
('19', '1007', '505', '4', '19.99'),
('20', '1007', '505', '4', '19.99'),
('21', '1008', '506', '1', '24.99'),
('22', '1008', '501', '3', '120.0'),
('23', '1008', '506', '5', '24.99'),
('24', '1008', '506', '4', '24.99'),
('25', '1009', '501', '4', '120.0'),
('26', '1009', '503', '2', '49.99'),
('27', '1009', '505', '1', '19.99'),
('28', '1010', '502', '2', '85.5'),
('29', '1010', '504', '4', '79.0'),
('30', '1010', '504', '1', '79.0'),
('31', '1011', '502', '4', '85.5'),
('32', '1011', '505', '3', '19.99'),
('33', '1011', '506', '4', '24.99'),
('34', '1012', '502', '1', '85.5'),
('35', '1012', '502', '2', '85.5'),
('36', '1013', '504', '5', '79.0'),
('37', '1014', '502', '4', '85.5'),
('38', '1015', '502', '5', '85.5'),
('39', '1015', '505', '1', '19.99'),
('40', '1015', '504', '5', '79.0'),
('41', '1016', '501', '4', '120.0'),
('42', '1016', '506', '4', '24.99'),
('43', '1016', '501', '2', '120.0'),
('44', '1016', '501', '2', '120.0'),
('45', '1017', '505', '1', '19.99'),
('46', '1017', '501', '1', '120.0'),
('47', '1017', '505', '2', '19.99'),
('48', '1018', '501', '2', '120.0'),
('49', '1019', '503', '5', '49.99'),
('50', '1019', '503', '4', '49.99'),
('51', '1019', '501', '1', '120.0'),
('52', '1020', '503', '1', '49.99'),
('53', '1020', '502', '1', '85.5'),
('54', '1020', '506', '3', '24.99'),
('55', '1020', '506', '3', '24.99'),
('56', '1021', '502', '5', '85.5'),
('57', '1022', '505', '3', '19.99'),
('58', '1023', '505', '3', '19.99'),
('59', '1023', '502', '3', '85.5'),
('60', '1023', '502', '5', '85.5'),
('61', '1024', '506', '2', '24.99'),
('62', '1024', '505', '2', '19.99'),
('63', '1024', '502', '4', '85.5'),
('64', '1025', '503', '1', '49.99'),
('65', '1025', '501', '3', '120.0'),
('66', '1025', '504', '3', '79.0'),
('67', '1025', '502', '5', '85.5'),
('68', '1026', '503', '1', '49.99'),
('69', '1026', '502', '1', '85.5'),
('70', '1026', '502', '4', '85.5'),
('71', '1027', '505', '5', '19.99'),
('72', '1027', '501', '4', '120.0'),
('73', '1027', '506', '3', '24.99'),
('74', '1027', '506', '1', '24.99'),
('75', '1028', '504', '2', '79.0'),
('76', '1028', '504', '3', '79.0'),
('77', '1029', '504', '1', '79.0'),
('78', '1029', '506', '2', '24.99'),
('79', '1029', '502', '2', '85.5'),
('80', '1029', '501', '2', '120.0'),
('81', '1030', '505', '5', '19.99'),
('82', '1030', '504', '3', '79.0'),
('83', '1031', '501', '1', '120.0'),
('84', '1031', '506', '1', '24.99'),
('85', '1032', '502', '2', '85.5'),
('86', '1032', '501', '3', '120.0'),
('87', '1032', '502', '3', '85.5'),
('88', '1032', '505', '2', '19.99'),
('89', '1033', '502', '1', '85.5'),
('90', '1033', '506', '3', '24.99'),
('91', '1033', '504', '5', '79.0'),
('92', '1033', '505', '4', '19.99'),
('93', '1034', '505', '5', '19.99'),
('94', '1034', '501', '4', '120.0'),
('95', '1035', '502', '2', '85.5'),
('96', '1035', '504', '5', '79.0'),
('97', '1036', '503', '5', '49.99'),
('98', '1037', '505', '1', '19.99'),
('99', '1038', '501', '5', '120.0'),
('100', '1039', '504', '3', '79.0'),
('101', '1040', '506', '3', '24.99'),
('102', '1040', '504', '5', '79.0'),
('103', '1041', '506', '5', '24.99'),
('104', '1041', '503', '5', '49.99'),
('105', '1042', '501', '4', '120.0'),
('106', '1042', '504', '3', '79.0'),
('107', '1042', '501', '2', '120.0'),
('108', '1042', '504', '1', '79.0'),
('109', '1043', '502', '3', '85.5'),
('110', '1044', '502', '1', '85.5'),
('111', '1044', '504', '4', '79.0'),
('112', '1044', '502', '2', '85.5'),
('113', '1044', '502', '4', '85.5'),
('114', '1045', '502', '3', '85.5'),
('115', '1045', '503', '1', '49.99'),
('116', '1045', '506', '3', '24.99'),
('117', '1045', '501', '3', '120.0'),
('118', '1046', '504', '3', '79.0'),
('119', '1047', '501', '2', '120.0'),
('120', '1048', '501', '2', '120.0'),
('121', '1048', '503', '2', '49.99'),
('122', '1048', '504', '3', '79.0'),
('123', '1049', '506', '3', '24.99'),
('124', '1049', '501', '3', '120.0'),
('125', '1049', '501', '2', '120.0'),
('126', '1049', '504', '1', '79.0'),
('127', '1050', '503', '1', '49.99'),
('128', '1051', '501', '4', '120.0'),
('129', '1051', '501', '3', '120.0'),
('130', '1051', '505', '4', '19.99'),
('131', '1052', '505', '2', '19.99'),
('132', '1053', '502', '2', '85.5'),
('133', '1054', '503', '4', '49.99'),
('134', '1054', '505', '2', '19.99'),
('135', '1055', '503', '1', '49.99'),
('136', '1056', '505', '4', '19.99'),
('137', '1056', '502', '4', '85.5'),
('138', '1057', '506', '4', '24.99'),
('139', '1057', '505', '4', '19.99'),
('140', '1057', '505', '3', '19.99'),
('141', '1057', '506', '2', '24.99'),
('142', '1058', '504', '3', '79.0'),
('143', '1058', '501', '2', '120.0'),
('144', '1059', '504', '2', '79.0'),
('145', '1059', '501', '1', '120.0'),
('146', '1059', '506', '4', '24.99'),
('147', '1060', '506', '3', '24.99'),
('148', '1060', '501', '4', '120.0'),
('149', '1061', '501', '3', '120.0'),
('150', '1061', '503', '3', '49.99'),
('151', '1061', '505', '3', '19.99'),
('152', '1061', '502', '1', '85.5'),
('153', '1062', '501', '3', '120.0'),
('154', '1062', '504', '1', '79.0'),
('155', '1063', '502', '5', '85.5'),
('156', '1063', '501', '1', '120.0'),
('157', '1064', '505', '1', '19.99'),
('158', '1064', '504', '1', '79.0'),
('159', '1064', '503', '3', '49.99'),
('160', '1064', '506', '2', '24.99'),
('161', '1065', '506', '5', '24.99'),
('162', '1065', '504', '3', '79.0'),
('163', '1066', '506', '5', '24.99'),
('164', '1066', '506', '2', '24.99'),
('165', '1066', '501', '5', '120.0'),
('166', '1067', '505', '5', '19.99'),
('167', '1067', '505', '1', '19.99'),
('168', '1068', '501', '1', '120.0'),
('169', '1068', '501', '2', '120.0'),
('170', '1069', '504', '5', '79.0'),
('171', '1069', '501', '1', '120.0'),
('172', '1069', '506', '5', '24.99'),
('173', '1069', '506', '2', '24.99'),
('174', '1070', '501', '5', '120.0'),
('175', '1070', '505', '1', '19.99'),
('176', '1070', '506', '5', '24.99'),
('177', '1070', '501', '4', '120.0'),
('178', '1071', '502', '2', '85.5'),
('179', '1071', '502', '4', '85.5'),
('180', '1071', '504', '4', '79.0'),
('181', '1072', '501', '5', '120.0'),
('182', '1072', '506', '2', '24.99'),
('183', '1072', '501', '5', '120.0'),
('184', '1073', '505', '5', '19.99'),
('185', '1073', '502', '1', '85.5'),
('186', '1073', '504', '1', '79.0'),
('187', '1074', '506', '2', '24.99'),
('188', '1075', '504', '4', '79.0'),
('189', '1075', '504', '1', '79.0'),
('190', '1075', '505', '2', '19.99'),
('191', '1076', '503', '4', '49.99'),
('192', '1077', '504', '2', '79.0'),
('193', '1077', '502', '1', '85.5'),
('194', '1077', '505', '1', '19.99'),
('195', '1078', '503', '2', '49.99'),
('196', '1078', '505', '5', '19.99'),
('197', '1078', '503', '1', '49.99'),
('198', '1079', '504', '4', '79.0'),
('199', '1079', '501', '2', '120.0'),
('200', '1079', '501', '4', '120.0'),
('201', '1079', '506', '4', '24.99'),
('202', '1080', '504', '3', '79.0'),
('203', '1080', '504', '3', '79.0'),
('204', '1081', '503', '4', '49.99'),
('205', '1081', '501', '2', '120.0'),
('206', '1081', '506', '1', '24.99'),
('207', '1082', '501', '4', '120.0'),
('208', '1082', '504', '5', '79.0'),
('209', '1082', '501', '3', '120.0'),
('210', '1083', '503', '1', '49.99'),
('211', '1084', '502', '3', '85.5'),
('212', '1084', '504', '5', '79.0'),
('213', '1085', '504', '1', '79.0'),
('214', '1085', '506', '4', '24.99'),
('215', '1085', '505', '5', '19.99'),
('216', '1086', '506', '4', '24.99'),
('217', '1087', '506', '3', '24.99'),
('218', '1087', '504', '1', '79.0'),
('219', '1088', '504', '3', '79.0'),
('220', '1088', '503', '3', '49.99'),
('221', '1088', '503', '3', '49.99'),
('222', '1088', '504', '2', '79.0'),
('223', '1089', '501', '2', '120.0'),
('224', '1089', '506', '2', '24.99'),
('225', '1089', '501', '2', '120.0'),
('226', '1089', '505', '4', '19.99'),
('227', '1090', '504', '4', '79.0'),
('228', '1090', '502', '5', '85.5'),
('229', '1090', '502', '2', '85.5'),
('230', '1091', '503', '2', '49.99'),
('231', '1092', '501', '4', '120.0'),
('232', '1092', '504', '4', '79.0'),
('233', '1093', '503', '3', '49.99'),
('234', '1093', '501', '4', '120.0'),
('235', '1093', '503', '5', '49.99'),
('236', '1093', '503', '2', '49.99'),
('237', '1094', '501', '3', '120.0'),
('238', '1094', '502', '4', '85.5'),
('239', '1095', '503', '1', '49.99'),
('240', '1095', '502', '1', '85.5'),
('241', '1095', '504', '4', '79.0'),
('242', '1095', '505', '4', '19.99'),
('243', '1096', '504', '2', '79.0'),
('244', '1096', '501', '2', '120.0'),
('245', '1096', '502', '2', '85.5'),
('246', '1096', '505', '1', '19.99'),
('247', '1097', '501', '5', '120.0'),
('248', '1097', '501', '1', '120.0'),
('249', '1097', '502', '2', '85.5'),
('250', '1097', '505', '1', '19.99'),
('251', '1098', '506', '3', '24.99'),
('252', '1098', '505', '4', '19.99'),
('253', '1099', '501', '3', '120.0'),
('254', '1100', '503', '2', '49.99'),
('255', '1100', '505', '1', '19.99'),
('256', '1100', '501', '5', '120.0'),
('257', '1100', '503', '4', '49.99'),
('258', '1101', '504', '5', '79.0'),
('259', '1101', '502', '5', '85.5'),
('260', '1102', '501', '1', '120.0'),
('261', '1102', '502', '4', '85.5'),
('262', '1102', '506', '4', '24.99'),
('263', '1103', '503', '2', '49.99'),
('264', '1103', '504', '1', '79.0'),
('265', '1103', '506', '3', '24.99'),
('266', '1103', '506', '4', '24.99'),
('267', '1104', '501', '3', '120.0'),
('268', '1104', '506', '5', '24.99'),
('269', '1105', '503', '2', '49.99'),
('270', '1105', '502', '4', '85.5'),
('271', '1106', '501', '5', '120.0'),
('272', '1106', '504', '5', '79.0'),
('273', '1106', '502', '2', '85.5'),
('274', '1107', '505', '2', '19.99'),
('275', '1108', '504', '1', '79.0'),
('276', '1108', '506', '1', '24.99'),
('277', '1109', '506', '1', '24.99'),
('278', '1109', '501', '2', '120.0'),
('279', '1109', '503', '2', '49.99'),
('280', '1110', '501', '3', '120.0'),
('281', '1110', '506', '4', '24.99'),
('282', '1110', '503', '3', '49.99'),
('283', '1110', '504', '2', '79.0'),
('284', '1111', '501', '3', '120.0'),
('285', '1111', '504', '1', '79.0'),
('286', '1111', '505', '2', '19.99'),
('287', '1112', '504', '1', '79.0'),
('288', '1112', '501', '4', '120.0'),
('289', '1112', '502', '3', '85.5'),
('290', '1113', '503', '4', '49.99'),
('291', '1113', '501', '4', '120.0'),
('292', '1113', '502', '4', '85.5'),
('293', '1114', '501', '1', '120.0'),
('294', '1114', '503', '2', '49.99'),
('295', '1114', '506', '1', '24.99'),
('296', '1114', '505', '3', '19.99'),
('297', '1115', '503', '3', '49.99'),
('298', '1116', '501', '2', '120.0'),
('299', '1117', '504', '3', '79.0'),
('300', '1117', '504', '4', '79.0'),
('301', '1117', '502', '4', '85.5'),
('302', '1117', '502', '1', '85.5'),
('303', '1118', '505', '2', '19.99'),
('304', '1118', '503', '3', '49.99'),
('305', '1119', '505', '2', '19.99'),
('306', '1120', '504', '1', '79.0'),
('307', '1120', '506', '1', '24.99'),
('308', '1121', '502', '4', '85.5'),
('309', '1121', '501', '1', '120.0'),
('310', '1121', '503', '5', '49.99'),
('311', '1122', '504', '4', '79.0'),
('312', '1122', '502', '2', '85.5'),
('313', '1122', '502', '4', '85.5'),
('314', '1122', '504', '5', '79.0'),
('315', '1123', '503', '3', '49.99'),
('316', '1124', '503', '3', '49.99'),
('317', '1124', '502', '4', '85.5'),
('318', '1124', '502', '2', '85.5'),
('319', '1125', '505', '2', '19.99'),
('320', '1125', '503', '1', '49.99'),
('321', '1125', '504', '3', '79.0'),
('322', '1126', '506', '1', '24.99'),
('323', '1126', '506', '4', '24.99'),
('324', '1127', '502', '4', '85.5'),
('325', '1127', '503', '1', '49.99'),
('326', '1127', '503', '2', '49.99'),
('327', '1127', '501', '1', '120.0'),
('328', '1128', '501', '3', '120.0'),
('329', '1128', '505', '2', '19.99'),
('330', '1129', '501', '5', '120.0'),
('331', '1130', '501', '3', '120.0'),
('332', '1130', '503', '2', '49.99'),
('333', '1131', '505', '2', '19.99'),
('334', '1132', '502', '5', '85.5'),
('335', '1132', '503', '1', '49.99'),
('336', '1132', '502', '1', '85.5'),
('337', '1133', '504', '1', '79.0'),
('338', '1134', '506', '5', '24.99'),
('339', '1134', '501', '2', '120.0'),
('340', '1135', '503', '3', '49.99'),
('341', '1135', '504', '1', '79.0'),
('342', '1135', '503', '5', '49.99'),
('343', '1135', '503', '4', '49.99'),
('344', '1136', '506', '2', '24.99'),
('345', '1136', '504', '4', '79.0'),
('346', '1136', '502', '1', '85.5'),
('347', '1137', '501', '4', '120.0'),
('348', '1138', '502', '1', '85.5'),
('349', '1138', '501', '5', '120.0'),
('350', '1139', '501', '5', '120.0'),
('351', '1139', '505', '3', '19.99'),
('352', '1139', '506', '5', '24.99'),
('353', '1139', '502', '2', '85.5'),
('354', '1140', '501', '1', '120.0'),
('355', '1140', '504', '4', '79.0'),
('356', '1141', '504', '3', '79.0'),
('357', '1142', '501', '5', '120.0'),
('358', '1142', '506', '2', '24.99'),
('359', '1142', '506', '2', '24.99'),
('360', '1142', '505', '4', '19.99'),
('361', '1143', '502', '5', '85.5'),
('362', '1143', '502', '1', '85.5'),
('363', '1143', '504', '5', '79.0'),
('364', '1143', '502', '4', '85.5'),
('365', '1144', '506', '2', '24.99'),
('366', '1144', '501', '5', '120.0'),
('367', '1145', '501', '4', '120.0'),
('368', '1145', '505', '4', '19.99'),
('369', '1145', '505', '3', '19.99'),
('370', '1146', '504', '4', '79.0'),
('371', '1146', '506', '3', '24.99'),
('372', '1147', '501', '1', '120.0'),
('373', '1147', '505', '4', '19.99'),
('374', '1148', '502', '4', '85.5'),
('375', '1148', '504', '1', '79.0'),
('376', '1148', '501', '2', '120.0'),
('377', '1148', '503', '4', '49.99'),
('378', '1149', '501', '2', '120.0'),
('379', '1150', '501', '5', '120.0'),
('380', '1151', '501', '1', '120.0'),
('381', '1151', '505', '1', '19.99'),
('382', '1152', '502', '2', '85.5'),
('383', '1152', '501', '3', '120.0'),
('384', '1152', '505', '3', '19.99'),
('385', '1153', '504', '2', '79.0'),
('386', '1153', '503', '5', '49.99'),
('387', '1153', '504', '2', '79.0'),
('388', '1154', '503', '3', '49.99'),
('389', '1154', '501', '2', '120.0'),
('390', '1155', '506', '3', '24.99'),
('391', '1155', '504', '2', '79.0'),
('392', '1155', '503', '1', '49.99'),
('393', '1156', '504', '5', '79.0'),
('394', '1156', '505', '5', '19.99'),
('395', '1156', '506', '1', '24.99'),
('396', '1157', '506', '3', '24.99'),
('397', '1157', '503', '4', '49.99'),
('398', '1157', '503', '5', '49.99'),
('399', '1157', '502', '3', '85.5'),
('400', '1158', '502', '2', '85.5'),
('401', '1158', '505', '1', '19.99'),
('402', '1158', '503', '5', '49.99'),
('403', '1158', '503', '3', '49.99'),
('404', '1159', '506', '1', '24.99'),
('405', '1159', '506', '1', '24.99'),
('406', '1159', '502', '2', '85.5'),
('407', '1160', '504', '5', '79.0'),
('408', '1160', '503', '1', '49.99'),
('409', '1160', '502', '4', '85.5'),
('410', '1160', '502', '5', '85.5'),
('411', '1161', '501', '5', '120.0'),
('412', '1162', '505', '2', '19.99'),
('413', '1162', '504', '5', '79.0'),
('414', '1162', '503', '5', '49.99'),
('415', '1163', '502', '2', '85.5'),
('416', '1163', '501', '2', '120.0'),
('417', '1163', '506', '2', '24.99'),
('418', '1163', '504', '1', '79.0'),
('419', '1164', '504', '3', '79.0'),
('420', '1164', '501', '1', '120.0'),
('421', '1164', '506', '5', '24.99'),
('422', '1165', '505', '5', '19.99'),
('423', '1165', '506', '4', '24.99'),
('424', '1165', '502', '2', '85.5'),
('425', '1165', '501', '1', '120.0'),
('426', '1166', '502', '2', '85.5'),
('427', '1166', '502', '1', '85.5'),
('428', '1166', '501', '1', '120.0'),
('429', '1166', '505', '5', '19.99'),
('430', '1167', '502', '5', '85.5'),
('431', '1167', '505', '5', '19.99'),
('432', '1167', '506', '4', '24.99'),
('433', '1167', '505', '2', '19.99'),
('434', '1168', '506', '1', '24.99'),
('435', '1168', '506', '4', '24.99'),
('436', '1168', '506', '5', '24.99'),
('437', '1169', '506', '4', '24.99'),
('438', '1169', '501', '4', '120.0'),
('439', '1169', '502', '2', '85.5'),
('440', '1169', '501', '3', '120.0'),
('441', '1170', '503', '3', '49.99'),
('442', '1171', '506', '5', '24.99'),
('443', '1171', '503', '3', '49.99'),
('444', '1171', '506', '2', '24.99'),
('445', '1171', '501', '5', '120.0'),
('446', '1172', '506', '2', '24.99'),
('447', '1172', '502', '3', '85.5'),
('448', '1173', '504', '5', '79.0'),
('449', '1173', '504', '4', '79.0'),
('450', '1174', '504', '2', '79.0'),
('451', '1175', '504', '5', '79.0'),
('452', '1175', '505', '1', '19.99'),
('453', '1176', '501', '1', '120.0'),
('454', '1177', '502', '1', '85.5'),
('455', '1177', '501', '1', '120.0'),
('456', '1177', '502', '1', '85.5'),
('457', '1178', '501', '5', '120.0'),
('458', '1179', '506', '4', '24.99'),
('459', '1180', '501', '1', '120.0'),
('460', '1180', '501', '1', '120.0'),
('461', '1181', '501', '2', '120.0'),
('462', '1181', '501', '2', '120.0'),
('463', '1181', '503', '3', '49.99'),
('464', '1181', '503', '4', '49.99'),
('465', '1182', '503', '1', '49.99'),
('466', '1182', '506', '3', '24.99'),
('467', '1182', '503', '5', '49.99'),
('468', '1183', '505', '1', '19.99'),
('469', '1183', '504', '1', '79.0'),
('470', '1183', '504', '5', '79.0'),
('471', '1184', '505', '5', '19.99'),
('472', '1185', '505', '3', '19.99'),
('473', '1186', '503', '1', '49.99'),
('474', '1186', '501', '3', '120.0'),
('475', '1187', '504', '5', '79.0'),
('476', '1187', '503', '5', '49.99'),
('477', '1188', '502', '2', '85.5'),
('478', '1188', '504', '2', '79.0'),
('479', '1188', '501', '1', '120.0'),
('480', '1189', '506', '3', '24.99'),
('481', '1190', '506', '1', '24.99'),
('482', '1190', '504', '1', '79.0'),
('483', '1190', '503', '2', '49.99'),
('484', '1190', '503', '3', '49.99'),
('485', '1191', '504', '2', '79.0'),
('486', '1191', '504', '2', '79.0'),
('487', '1192', '503', '5', '49.99'),
('488', '1193', '506', '5', '24.99'),
('489', '1193', '506', '3', '24.99'),
('490', '1193', '502', '4', '85.5'),
('491', '1193', '504', '3', '79.0'),
('492', '1194', '504', '2', '79.0'),
('493', '1194', '505', '2', '19.99'),
('494', '1194', '503', '3', '49.99'),
('495', '1195', '502', '3', '85.5'),
('496', '1195', '505', '5', '19.99'),
('497', '1196', '502', '3', '85.5'),
('498', '1196', '506', '1', '24.99'),
('499', '1196', '502', '1', '85.5'),
('500', '1197', '503', '3', '49.99'),
('501', '1197', '504', '3', '79.0'),
('502', '1198', '503', '2', '49.99'),
('503', '1199', '504', '4', '79.0'),
('504', '1200', '504', '1', '79.0'),
('505', '1200', '502', '3', '85.5'),
('506', '1200', '505', '4', '19.99'),
('507', '1201', '506', '5', '24.99'),
('508', '1201', '505', '4', '19.99'),
('509', '1201', '502', '5', '85.5'),
('510', '1201', '502', '2', '85.5'),
('511', '1202', '503', '3', '49.99'),
('512', '1202', '506', '1', '24.99'),
('513', '1202', '504', '2', '79.0'),
('514', '1202', '504', '2', '79.0'),
('515', '1203', '501', '5', '120.0'),
('516', '1203', '504', '5', '79.0'),
('517', '1203', '506', '2', '24.99'),
('518', '1203', '506', '3', '24.99'),
('519', '1204', '501', '1', '120.0'),
('520', '1204', '503', '5', '49.99'),
('521', '1204', '502', '2', '85.5'),
('522', '1204', '506', '2', '24.99'),
('523', '1205', '505', '2', '19.99'),
('524', '1205', '506', '4', '24.99'),
('525', '1205', '505', '1', '19.99'),
('526', '1205', '506', '3', '24.99'),
('527', '1206', '502', '2', '85.5'),
('528', '1206', '504', '5', '79.0'),
('529', '1206', '501', '5', '120.0'),
('530', '1206', '503', '1', '49.99'),
('531', '1207', '501', '1', '120.0'),
('532', '1207', '501', '4', '120.0'),
('533', '1207', '504', '3', '79.0'),
('534', '1207', '505', '3', '19.99'),
('535', '1208', '505', '2', '19.99'),
('536', '1208', '504', '4', '79.0'),
('537', '1208', '502', '2', '85.5'),
('538', '1208', '502', '1', '85.5'),
('539', '1209', '502', '3', '85.5'),
('540', '1209', '506', '4', '24.99'),
('541', '1210', '504', '3', '79.0'),
('542', '1210', '502', '3', '85.5'),
('543', '1211', '504', '2', '79.0'),
('544', '1211', '504', '1', '79.0'),
('545', '1211', '506', '3', '24.99'),
('546', '1212', '503', '4', '49.99'),
('547', '1212', '504', '4', '79.0'),
('548', '1212', '505', '1', '19.99'),
('549', '1213', '504', '1', '79.0'),
('550', '1213', '501', '5', '120.0'),
('551', '1213', '503', '2', '49.99'),
('552', '1214', '506', '1', '24.99'),
('553', '1215', '503', '5', '49.99'),
('554', '1215', '501', '5', '120.0'),
('555', '1215', '502', '2', '85.5'),
('556', '1216', '502', '2', '85.5'),
('557', '1216', '504', '5', '79.0'),
('558', '1216', '502', '5', '85.5'),
('559', '1217', '506', '5', '24.99'),
('560', '1218', '506', '2', '24.99'),
('561', '1218', '505', '1', '19.99'),
('562', '1218', '506', '4', '24.99'),
('563', '1218', '506', '1', '24.99'),
('564', '1219', '502', '2', '85.5'),
('565', '1219', '504', '4', '79.0'),
('566', '1219', '505', '1', '19.99'),
('567', '1219', '504', '4', '79.0'),
('568', '1220', '504', '2', '79.0'),
('569', '1220', '505', '5', '19.99'),
('570', '1221', '504', '5', '79.0'),
('571', '1221', '504', '3', '79.0'),
('572', '1221', '504', '3', '79.0'),
('573', '1222', '502', '3', '85.5'),
('574', '1223', '505', '1', '19.99'),
('575', '1224', '505', '4', '19.99'),
('576', '1225', '502', '4', '85.5'),
('577', '1226', '506', '3', '24.99'),
('578', '1227', '503', '4', '49.99'),
('579', '1227', '503', '4', '49.99'),
('580', '1228', '503', '3', '49.99'),
('581', '1228', '504', '4', '79.0'),
('582', '1228', '503', '5', '49.99'),
('583', '1229', '506', '4', '24.99'),
('584', '1229', '501', '3', '120.0'),
('585', '1230', '502', '5', '85.5'),
('586', '1230', '506', '1', '24.99'),
('587', '1230', '501', '4', '120.0'),
('588', '1231', '504', '3', '79.0'),
('589', '1232', '504', '5', '79.0'),
('590', '1232', '506', '1', '24.99'),
('591', '1233', '505', '2', '19.99'),
('592', '1233', '506', '5', '24.99'),
('593', '1233', '506', '1', '24.99'),
('594', '1233', '502', '1', '85.5'),
('595', '1234', '501', '2', '120.0'),
('596', '1234', '501', '4', '120.0'),
('597', '1235', '502', '3', '85.5'),
('598', '1235', '505', '3', '19.99'),
('599', '1235', '503', '2', '49.99'),
('600', '1236', '504', '5', '79.0'),
('601', '1237', '505', '5', '19.99'),
('602', '1237', '501', '1', '120.0'),
('603', '1237', '504', '5', '79.0'),
('604', '1237', '506', '4', '24.99'),
('605', '1238', '505', '5', '19.99'),
('606', '1238', '506', '2', '24.99'),
('607', '1238', '504', '4', '79.0'),
('608', '1238', '505', '1', '19.99'),
('609', '1239', '502', '1', '85.5'),
('610', '1239', '504', '1', '79.0'),
('611', '1240', '501', '2', '120.0'),
('612', '1241', '503', '5', '49.99'),
('613', '1242', '501', '3', '120.0'),
('614', '1242', '506', '2', '24.99'),
('615', '1243', '506', '5', '24.99'),
('616', '1243', '506', '4', '24.99'),
('617', '1243', '504', '3', '79.0'),
('618', '1244', '501', '1', '120.0'),
('619', '1245', '504', '3', '79.0'),
('620', '1246', '504', '5', '79.0'),
('621', '1246', '501', '3', '120.0'),
('622', '1247', '504', '2', '79.0'),
('623', '1247', '502', '1', '85.5'),
('624', '1247', '503', '2', '49.99'),
('625', '1247', '506', '4', '24.99'),
('626', '1248', '503', '5', '49.99'),
('627', '1248', '503', '3', '49.99'),
('628', '1248', '503', '1', '49.99'),
('629', '1248', '505', '5', '19.99'),
('630', '1249', '502', '5', '85.5'),
('631', '1250', '504', '4', '79.0'),
('632', '1250', '506', '4', '24.99'),
('633', '1251', '503', '1', '49.99'),
('634', '1251', '503', '3', '49.99'),
('635', '1251', '503', '4', '49.99'),
('636', '1251', '502', '5', '85.5'),
('637', '1252', '505', '2', '19.99'),
('638', '1252', '503', '5', '49.99'),
('639', '1253', '505', '1', '19.99'),
('640', '1253', '505', '5', '19.99'),
('641', '1253', '504', '4', '79.0'),
('642', '1254', '503', '5', '49.99'),
('643', '1254', '501', '4', '120.0'),
('644', '1255', '505', '1', '19.99'),
('645', '1255', '504', '4', '79.0'),
('646', '1255', '505', '1', '19.99'),
('647', '1256', '502', '4', '85.5'),
('648', '1257', '504', '5', '79.0'),
('649', '1257', '505', '2', '19.99'),
('650', '1257', '502', '2', '85.5'),
('651', '1258', '503', '5', '49.99'),
('652', '1258', '505', '3', '19.99'),
('653', '1258', '504', '5', '79.0'),
('654', '1259', '501', '3', '120.0'),
('655', '1259', '506', '4', '24.99'),
('656', '1259', '501', '2', '120.0'),
('657', '1260', '503', '5', '49.99'),
('658', '1260', '505', '1', '19.99'),
('659', '1260', '501', '1', '120.0'),
('660', '1261', '503', '3', '49.99'),
('661', '1261', '504', '1', '79.0'),
('662', '1262', '503', '1', '49.99'),
('663', '1262', '503', '2', '49.99'),
('664', '1263', '501', '1', '120.0'),
('665', '1264', '504', '1', '79.0'),
('666', '1264', '505', '4', '19.99'),
('667', '1264', '501', '1', '120.0'),
('668', '1264', '503', '3', '49.99'),
('669', '1265', '506', '5', '24.99'),
('670', '1266', '503', '2', '49.99'),
('671', '1266', '506', '2', '24.99'),
('672', '1267', '501', '5', '120.0'),
('673', '1267', '501', '1', '120.0'),
('674', '1267', '503', '5', '49.99'),
('675', '1268', '501', '1', '120.0'),
('676', '1268', '502', '3', '85.5'),
('677', '1268', '501', '2', '120.0'),
('678', '1268', '506', '3', '24.99'),
('679', '1269', '504', '3', '79.0'),
('680', '1270', '503', '4', '49.99'),
('681', '1271', '502', '1', '85.5'),
('682', '1271', '504', '2', '79.0'),
('683', '1272', '501', '5', '120.0'),
('684', '1272', '503', '2', '49.99'),
('685', '1273', '506', '1', '24.99'),
('686', '1274', '504', '1', '79.0'),
('687', '1274', '506', '3', '24.99'),
('688', '1275', '502', '4', '85.5'),
('689', '1276', '503', '4', '49.99'),
('690', '1276', '504', '2', '79.0'),
('691', '1277', '503', '2', '49.99'),
('692', '1277', '503', '4', '49.99'),
('693', '1277', '501', '3', '120.0'),
('694', '1278', '505', '1', '19.99'),
('695', '1278', '506', '2', '24.99'),
('696', '1279', '501', '3', '120.0'),
('697', '1279', '502', '3', '85.5'),
('698', '1279', '504', '3', '79.0'),
('699', '1280', '503', '4', '49.99'),
('700', '1280', '502', '1', '85.5'),
('701', '1280', '506', '3', '24.99'),
('702', '1280', '502', '1', '85.5'),
('703', '1281', '504', '1', '79.0'),
('704', '1281', '505', '3', '19.99'),
('705', '1282', '504', '2', '79.0'),
('706', '1283', '502', '5', '85.5'),
('707', '1283', '502', '2', '85.5'),
('708', '1284', '505', '4', '19.99'),
('709', '1285', '505', '2', '19.99'),
('710', '1285', '505', '3', '19.99'),
('711', '1286', '506', '1', '24.99'),
('712', '1286', '505', '3', '19.99'),
('713', '1286', '503', '3', '49.99'),
('714', '1286', '506', '4', '24.99'),
('715', '1287', '502', '3', '85.5'),
('716', '1287', '502', '2', '85.5'),
('717', '1287', '505', '3', '19.99'),
('718', '1287', '501', '2', '120.0'),
('719', '1288', '503', '5', '49.99'),
('720', '1289', '503', '2', '49.99'),
('721', '1290', '505', '1', '19.99'),
('722', '1290', '503', '1', '49.99'),
('723', '1290', '506', '4', '24.99'),
('724', '1290', '504', '5', '79.0'),
('725', '1291', '501', '2', '120.0'),
('726', '1291', '501', '2', '120.0'),
('727', '1292', '503', '3', '49.99'),
('728', '1293', '506', '2', '24.99'),
('729', '1294', '505', '2', '19.99'),
('730', '1294', '506', '4', '24.99'),
('731', '1294', '501', '3', '120.0'),
('732', '1294', '501', '2', '120.0'),
('733', '1295', '504', '5', '79.0'),
('734', '1295', '505', '3', '19.99'),
('735', '1295', '501', '1', '120.0'),
('736', '1295', '501', '4', '120.0'),
('737', '1296', '502', '2', '85.5'),
('738', '1296', '506', '5', '24.99'),
('739', '1297', '501', '4', '120.0'),
('740', '1297', '506', '4', '24.99'),
('741', '1298', '504', '1', '79.0'),
('742', '1299', '503', '4', '49.99'),
('743', '1299', '505', '3', '19.99'),
('744', '1300', '505', '2', '19.99'),
('745', '1300', '506', '3', '24.99'),
('746', '1300', '502', '4', '85.5'),
('747', '1301', '501', '5', '120.0'),
('748', '1301', '502', '1', '85.5'),
('749', '1301', '503', '4', '49.99'),
('750', '1302', '502', '2', '85.5'),
('751', '1303', '506', '1', '24.99'),
('752', '1303', '501', '1', '120.0'),
('753', '1303', '506', '5', '24.99'),
('754', '1303', '503', '5', '49.99'),
('755', '1304', '505', '1', '19.99'),
('756', '1305', '504', '2', '79.0'),
('757', '1306', '506', '2', '24.99'),
('758', '1306', '501', '1', '120.0'),
('759', '1306', '505', '5', '19.99'),
('760', '1307', '504', '1', '79.0'),
('761', '1307', '505', '2', '19.99'),
('762', '1308', '503', '2', '49.99'),
('763', '1308', '506', '1', '24.99'),
('764', '1308', '506', '5', '24.99'),
('765', '1309', '506', '4', '24.99'),
('766', '1309', '502', '5', '85.5'),
('767', '1310', '505', '4', '19.99'),
('768', '1310', '504', '3', '79.0'),
('769', '1310', '501', '2', '120.0'),
('770', '1311', '505', '4', '19.99'),
('771', '1311', '501', '3', '120.0'),
('772', '1311', '502', '2', '85.5'),
('773', '1311', '503', '5', '49.99'),
('774', '1312', '502', '3', '85.5'),
('775', '1312', '501', '1', '120.0'),
('776', '1312', '502', '5', '85.5'),
('777', '1313', '504', '1', '79.0'),
('778', '1313', '505', '4', '19.99'),
('779', '1313', '504', '3', '79.0'),
('780', '1314', '506', '2', '24.99'),
('781', '1314', '504', '3', '79.0'),
('782', '1315', '505', '5', '19.99'),
('783', '1315', '503', '5', '49.99'),
('784', '1316', '503', '2', '49.99'),
('785', '1316', '504', '1', '79.0'),
('786', '1316', '501', '4', '120.0'),
('787', '1316', '505', '5', '19.99'),
('788', '1317', '504', '3', '79.0'),
('789', '1317', '505', '5', '19.99'),
('790', '1318', '506', '4', '24.99'),
('791', '1318', '503', '3', '49.99'),
('792', '1318', '503', '3', '49.99'),
('793', '1318', '504', '5', '79.0'),
('794', '1319', '501', '4', '120.0'),
('795', '1319', '504', '4', '79.0'),
('796', '1319', '503', '2', '49.99'),
('797', '1320', '504', '5', '79.0'),
('798', '1320', '504', '5', '79.0'),
('799', '1321', '503', '5', '49.99'),
('800', '1321', '502', '3', '85.5'),
('801', '1321', '502', '4', '85.5'),
('802', '1322', '505', '4', '19.99'),
('803', '1322', '503', '5', '49.99'),
('804', '1322', '503', '5', '49.99'),
('805', '1323', '504', '4', '79.0'),
('806', '1323', '503', '1', '49.99'),
('807', '1323', '505', '3', '19.99'),
('808', '1323', '504', '1', '79.0'),
('809', '1324', '501', '4', '120.0'),
('810', '1324', '503', '5', '49.99'),
('811', '1325', '502', '4', '85.5'),
('812', '1325', '504', '4', '79.0'),
('813', '1326', '506', '5', '24.99'),
('814', '1326', '506', '1', '24.99'),
('815', '1326', '502', '3', '85.5'),
('816', '1327', '505', '2', '19.99'),
('817', '1327', '501', '3', '120.0'),
('818', '1327', '506', '3', '24.99'),
('819', '1328', '505', '3', '19.99'),
('820', '1328', '505', '2', '19.99'),
('821', '1329', '501', '5', '120.0'),
('822', '1329', '505', '1', '19.99'),
('823', '1330', '506', '4', '24.99'),
('824', '1331', '503', '4', '49.99'),
('825', '1332', '502', '2', '85.5'),
('826', '1333', '506', '5', '24.99'),
('827', '1333', '505', '2', '19.99'),
('828', '1333', '505', '2', '19.99'),
('829', '1334', '502', '5', '85.5'),
('830', '1334', '505', '1', '19.99'),
('831', '1335', '505', '4', '19.99'),
('832', '1335', '504', '5', '79.0'),
('833', '1336', '506', '5', '24.99'),
('834', '1337', '503', '3', '49.99'),
('835', '1337', '502', '1', '85.5'),
('836', '1338', '503', '2', '49.99'),
('837', '1339', '501', '2', '120.0'),
('838', '1340', '504', '1', '79.0'),
('839', '1341', '501', '2', '120.0'),
('840', '1341', '505', '2', '19.99'),
('841', '1342', '503', '4', '49.99'),
('842', '1342', '505', '3', '19.99'),
('843', '1342', '504', '1', '79.0'),
('844', '1342', '502', '4', '85.5'),
('845', '1343', '504', '3', '79.0'),
('846', '1343', '504', '4', '79.0'),
('847', '1344', '502', '3', '85.5'),
('848', '1344', '504', '2', '79.0'),
('849', '1345', '501', '3', '120.0'),
('850', '1345', '505', '4', '19.99'),
('851', '1345', '503', '4', '49.99'),
('852', '1346', '503', '5', '49.99'),
('853', '1346', '502', '4', '85.5'),
('854', '1346', '502', '4', '85.5'),
('855', '1346', '503', '3', '49.99'),
('856', '1347', '506', '1', '24.99'),
('857', '1347', '503', '2', '49.99'),
('858', '1347', '502', '2', '85.5'),
('859', '1348', '505', '4', '19.99'),
('860', '1348', '504', '2', '79.0'),
('861', '1349', '506', '4', '24.99'),
('862', '1349', '504', '5', '79.0'),
('863', '1350', '502', '4', '85.5'),
('864', '1350', '506', '2', '24.99'),
('865', '1351', '505', '3', '19.99'),
('866', '1351', '505', '2', '19.99'),
('867', '1351', '504', '5', '79.0'),
('868', '1351', '505', '2', '19.99'),
('869', '1352', '505', '3', '19.99'),
('870', '1353', '501', '5', '120.0'),
('871', '1353', '502', '3', '85.5'),
('872', '1353', '501', '4', '120.0'),
('873', '1353', '506', '1', '24.99'),
('874', '1354', '503', '2', '49.99'),
('875', '1354', '506', '1', '24.99'),
('876', '1355', '502', '1', '85.5'),
('877', '1355', '506', '3', '24.99'),
('878', '1355', '501', '2', '120.0'),
('879', '1356', '503', '3', '49.99'),
('880', '1356', '504', '4', '79.0'),
('881', '1356', '506', '2', '24.99'),
('882', '1356', '503', '2', '49.99'),
('883', '1357', '504', '1', '79.0'),
('884', '1357', '506', '4', '24.99'),
('885', '1357', '502', '4', '85.5'),
('886', '1358', '503', '1', '49.99'),
('887', '1358', '503', '5', '49.99'),
('888', '1359', '504', '1', '79.0'),
('889', '1360', '503', '2', '49.99'),
('890', '1360', '504', '1', '79.0'),
('891', '1361', '505', '2', '19.99'),
('892', '1361', '505', '4', '19.99'),
('893', '1362', '506', '5', '24.99'),
('894', '1362', '503', '1', '49.99'),
('895', '1362', '501', '3', '120.0'),
('896', '1362', '501', '5', '120.0'),
('897', '1363', '506', '1', '24.99'),
('898', '1363', '501', '3', '120.0'),
('899', '1364', '504', '4', '79.0'),
('900', '1365', '503', '5', '49.99'),
('901', '1365', '501', '3', '120.0'),
('902', '1366', '505', '1', '19.99'),
('903', '1366', '506', '2', '24.99'),
('904', '1366', '504', '5', '79.0'),
('905', '1366', '502', '4', '85.5'),
('906', '1367', '502', '5', '85.5'),
('907', '1367', '502', '2', '85.5'),
('908', '1367', '505', '3', '19.99'),
('909', '1368', '503', '4', '49.99'),
('910', '1368', '501', '2', '120.0'),
('911', '1368', '506', '3', '24.99'),
('912', '1369', '506', '4', '24.99'),
('913', '1369', '502', '2', '85.5'),
('914', '1369', '501', '5', '120.0'),
('915', '1369', '506', '4', '24.99'),
('916', '1370', '502', '2', '85.5'),
('917', '1370', '505', '5', '19.99'),
('918', '1370', '502', '3', '85.5'),
('919', '1371', '502', '2', '85.5'),
('920', '1371', '505', '4', '19.99'),
('921', '1371', '504', '2', '79.0'),
('922', '1371', '501', '3', '120.0'),
('923', '1372', '501', '1', '120.0'),
('924', '1372', '503', '3', '49.99'),
('925', '1373', '504', '1', '79.0'),
('926', '1373', '502', '3', '85.5'),
('927', '1373', '504', '4', '79.0'),
('928', '1374', '505', '1', '19.99'),
('929', '1374', '501', '1', '120.0'),
('930', '1375', '506', '3', '24.99'),
('931', '1376', '506', '4', '24.99'),
('932', '1377', '501', '3', '120.0'),
('933', '1377', '501', '3', '120.0'),
('934', '1377', '506', '5', '24.99'),
('935', '1378', '506', '2', '24.99'),
('936', '1378', '501', '2', '120.0'),
('937', '1378', '506', '1', '24.99'),
('938', '1379', '503', '3', '49.99'),
('939', '1379', '502', '5', '85.5'),
('940', '1380', '506', '5', '24.99'),
('941', '1380', '503', '4', '49.99'),
('942', '1380', '502', '3', '85.5'),
('943', '1381', '505', '3', '19.99'),
('944', '1381', '503', '2', '49.99'),
('945', '1382', '501', '2', '120.0'),
('946', '1382', '504', '4', '79.0'),
('947', '1382', '504', '2', '79.0'),
('948', '1382', '503', '5', '49.99'),
('949', '1383', '506', '2', '24.99'),
('950', '1383', '502', '2', '85.5'),
('951', '1384', '501', '4', '120.0'),
('952', '1385', '501', '1', '120.0'),
('953', '1385', '505', '5', '19.99'),
('954', '1385', '504', '2', '79.0'),
('955', '1386', '505', '4', '19.99'),
('956', '1387', '506', '2', '24.99'),
('957', '1388', '501', '4', '120.0'),
('958', '1388', '505', '3', '19.99'),
('959', '1388', '505', '2', '19.99'),
('960', '1389', '505', '4', '19.99'),
('961', '1389', '504', '5', '79.0'),
('962', '1389', '506', '2', '24.99'),
('963', '1390', '501', '3', '120.0'),
('964', '1391', '503', '4', '49.99'),
('965', '1391', '506', '2', '24.99'),
('966', '1391', '503', '3', '49.99'),
('967', '1391', '505', '1', '19.99'),
('968', '1392', '506', '1', '24.99'),
('969', '1392', '502', '5', '85.5'),
('970', '1392', '503', '5', '49.99'),
('971', '1392', '505', '4', '19.99'),
('972', '1393', '504', '3', '79.0'),
('973', '1393', '501', '2', '120.0'),
('974', '1393', '502', '2', '85.5'),
('975', '1393', '505', '1', '19.99'),
('976', '1394', '502', '5', '85.5'),
('977', '1395', '502', '5', '85.5'),
('978', '1395', '504', '2', '79.0'),
('979', '1395', '505', '5', '19.99'),
('980', '1395', '506', '1', '24.99'),
('981', '1396', '504', '1', '79.0'),
('982', '1397', '506', '5', '24.99'),
('983', '1398', '505', '2', '19.99'),
('984', '1398', '502', '5', '85.5'),
('985', '1398', '504', '1', '79.0'),
('986', '1398', '502', '3', '85.5'),
('987', '1399', '501', '3', '120.0'),
('988', '1399', '501', '1', '120.0'),
('989', '1400', '503', '1', '49.99'),
('990', '1400', '506', '2', '24.99'),
('991', '1400', '504', '1', '79.0'),
('992', '1400', '505', '2', '19.99'),
('993', '1401', '502', '3', '85.5'),
('994', '1401', '506', '3', '24.99'),
('995', '1401', '506', '1', '24.99'),
('996', '1402', '505', '5', '19.99'),
('997', '1402', '503', '4', '49.99'),
('998', '1402', '501', '5', '120.0'),
('999', '1403', '505', '1', '19.99'),
('1000', '1403', '501', '2', '120.0'),
('1001', '1403', '503', '3', '49.99'),
('1002', '1404', '505', '4', '19.99'),
('1003', '1405', '501', '3', '120.0'),
('1004', '1406', '506', '4', '24.99'),
('1005', '1406', '502', '5', '85.5'),
('1006', '1406', '503', '5', '49.99'),
('1007', '1407', '504', '1', '79.0'),
('1008', '1407', '501', '3', '120.0'),
('1009', '1407', '502', '4', '85.5'),
('1010', '1408', '501', '1', '120.0'),
('1011', '1409', '504', '2', '79.0'),
('1012', '1409', '506', '4', '24.99'),
('1013', '1409', '504', '2', '79.0'),
('1014', '1409', '505', '5', '19.99'),
('1015', '1410', '503', '2', '49.99'),
('1016', '1410', '505', '5', '19.99'),
('1017', '1411', '506', '4', '24.99'),
('1018', '1411', '503', '5', '49.99'),
('1019', '1411', '504', '4', '79.0');

INSERT INTO payments (payment_id, order_id, payment_date, amount, method)
VALUES
('901001', '1001', '2024-01-10', '1327.43', 'Card'),
('901002', '1002', '2024-01-19', '69.98', 'UPI'),
('901003', '1003', '2024-01-20', '632.0', 'Wire'),
('901004', '1004', '2024-01-15', '870.98', 'Wire'),
('901005', '1005', '2024-01-16', '469.91', 'UPI'),
('901006', '1006', '2024-01-06', '445.99', 'UPI'),
('901007', '1007', '2024-01-26', '309.89', 'Card'),
('901008', '1008', '2024-01-09', '609.9', 'Wire'),
('901009', '1009', '2024-01-13', '599.97', 'Wire'),
('901010', '1010', '2024-01-07', '566.0', 'Card'),
('901011', '1011', '2024-01-13', '501.93', 'Wire'),
('901012', '1012', '2024-01-13', '256.5', 'Card'),
('901013', '1013', '2024-01-08', '395.0', 'Card'),
('901014', '1014', '2024-01-10', '342.0', 'UPI'),
('901015', '1015', '2024-01-20', '842.49', 'Wire'),
('901016', '1016', '2024-01-13', '1059.96', 'Wire'),
('901017', '1017', '2024-01-04', '179.97', 'UPI'),
('901018', '1018', '2024-01-12', '240.0', 'UPI'),
('901019', '1019', '2024-01-05', '569.91', 'Wire'),
('901020', '1020', '2024-01-16', '285.43', 'Wire'),
('901021', '1021', '2024-01-06', '427.5', 'Wire'),
('901022', '1022', '2024-01-23', '59.97', 'UPI'),
('901023', '1023', '2024-01-23', '743.97', 'UPI'),
('901024', '1024', '2024-01-17', '431.96', 'UPI'),
('901025', '1025', '2024-01-07', '1074.49', 'Wire'),
('901026', '1026', '2024-01-26', '477.49', 'Card'),
('901027', '1027', '2024-01-07', '679.91', 'UPI'),
('901028', '1028', '2024-01-13', '395.0', 'Card'),
('901029', '1029', '2024-01-13', '539.98', 'UPI'),
('901030', '1030', '2024-01-26', '336.95', 'Card'),
('901031', '1031', '2024-01-18', '144.99', 'UPI'),
('901032', '1032', '2024-01-05', '827.48', 'UPI'),
('901033', '1033', '2024-01-09', '635.43', 'UPI'),
('901034', '1034', '2024-01-18', '579.95', 'Card'),
('901035', '1035', '2024-01-01', '566.0', 'UPI'),
('901036', '1036', '2024-01-18', '249.95', 'UPI'),
('901037', '1037', '2024-01-16', '19.99', 'Card'),
('901038', '1038', '2024-01-09', '600.0', 'Wire'),
('901039', '1039', '2024-01-01', '237.0', 'UPI'),
('901040', '1040', '2024-01-20', '469.97', 'UPI'),
('901041', '1041', '2024-01-17', '374.9', 'Card'),
('901042', '1042', '2024-01-05', '1036.0', 'Card'),
('901043', '1043', '2024-01-10', '256.5', 'Card'),
('901044', '1044', '2024-01-05', '914.5', 'UPI'),
('901045', '1045', '2024-01-11', '741.46', 'UPI'),
('901046', '1046', '2024-01-15', '237.0', 'UPI'),
('901047', '1047', '2024-01-10', '240.0', 'Card'),
('901048', '1048', '2024-01-09', '576.98', 'Wire'),
('901049', '1049', '2024-01-18', '753.97', 'Wire'),
('901050', '1050', '2024-01-21', '49.99', 'UPI'),
('901051', '1051', '2024-01-03', '919.96', 'Wire'),
('901052', '1052', '2024-01-05', '39.98', 'Card'),
('901053', '1053', '2024-01-09', '171.0', 'Wire'),
('901054', '1054', '2024-01-10', '239.94', 'Wire'),
('901055', '1055', '2024-01-26', '49.99', 'Card'),
('901056', '1056', '2024-01-24', '421.96', 'Card'),
('901057', '1057', '2024-01-27', '289.87', 'Card'),
('901058', '1058', '2024-02-26', '477.0', 'Card'),
('901059', '1059', '2024-02-20', '377.96', 'UPI'),
('901060', '1060', '2024-02-09', '554.97', 'Card'),
('901061', '1061', '2024-02-08', '655.44', 'Wire'),
('901062', '1062', '2024-02-11', '439.0', 'Wire'),
('901063', '1063', '2024-02-16', '547.5', 'Wire'),
('901064', '1064', '2024-02-04', '298.94', 'Card'),
('901065', '1065', '2024-02-16', '361.95', 'UPI'),
('901066', '1066', '2024-02-04', '774.93', 'UPI'),
('901067', '1067', '2024-02-23', '119.94', 'UPI'),
('901068', '1068', '2024-02-25', '360.0', 'UPI'),
('901069', '1069', '2024-02-03', '689.93', 'Wire'),
('901070', '1070', '2024-01-31', '1224.94', 'Wire'),
('901071', '1071', '2024-02-27', '829.0', 'Card'),
('901072', '1072', '2024-02-21', '1249.98', 'Card'),
('901073', '1073', '2024-02-08', '264.45', 'Wire'),
('901074', '1074', '2024-02-21', '49.98', 'UPI'),
('901075', '1075', '2024-02-09', '434.98', 'Wire'),
('901076', '1076', '2024-02-15', '199.96', 'Card'),
('901077', '1077', '2024-02-14', '263.49', 'Card'),
('901078', '1078', '2024-02-16', '249.92', 'UPI'),
('901079', '1079', '2024-02-07', '1135.96', 'Wire'),
('901080', '1080', '2024-02-23', '474.0', 'Card'),
('901081', '1081', '2024-01-31', '464.95', 'UPI'),
('901082', '1082', '2024-02-08', '1235.0', 'Wire'),
('901083', '1083', '2024-02-08', '49.99', 'Card'),
('901084', '1084', '2024-02-09', '651.5', 'Wire'),
('901085', '1085', '2024-02-24', '278.91', 'Card'),
('901086', '1086', '2024-02-02', '99.96', 'Wire'),
('901087', '1087', '2024-02-24', '153.97', 'UPI'),
('901088', '1088', '2024-02-05', '694.94', 'Wire'),
('901089', '1089', '2024-02-17', '609.94', 'UPI'),
('901090', '1090', '2024-02-14', '914.5', 'Card'),
('901091', '1091', '2024-02-10', '99.98', 'Wire'),
('901092', '1092', '2024-02-25', '796.0', 'UPI'),
('901093', '1093', '2024-02-06', '979.9', 'UPI'),
('901094', '1094', '2024-02-16', '702.0', 'Wire'),
('901095', '1095', '2024-02-14', '531.45', 'Card'),
('901096', '1096', '2024-02-12', '588.99', 'UPI'),
('901097', '1097', '2024-02-20', '910.99', 'UPI'),
('901098', '1098', '2024-02-09', '154.93', 'UPI'),
('901099', '1099', '2024-02-03', '360.0', 'UPI'),
('901100', '1100', '2024-02-06', '919.93', 'Wire'),
('901101', '1101', '2024-02-20', '822.5', 'Card'),
('901102', '1102', '2024-02-13', '561.96', 'Card'),
('901103', '1103', '2024-02-07', '353.91', 'Wire'),
('901104', '1104', '2024-02-12', '484.95', 'Card'),
('901105', '1105', '2024-02-15', '441.98', 'Card'),
('901106', '1106', '2024-02-24', '1166.0', 'Wire'),
('901107', '1107', '2024-02-21', '39.98', 'Wire'),
('901108', '1108', '2024-03-01', '103.99', 'Card'),
('901109', '1109', '2024-03-15', '364.97', 'Card'),
('901110', '1110', '2024-03-17', '767.93', 'Card'),
('901111', '1111', '2024-03-03', '478.98', 'Wire'),
('901112', '1112', '2024-03-25', '815.5', 'UPI'),
('901113', '1113', '2024-03-07', '1021.96', 'Card'),
('901114', '1114', '2024-03-02', '304.94', 'Wire'),
('901115', '1115', '2024-03-11', '149.97', 'Wire'),
('901116', '1116', '2024-03-01', '240.0', 'Card'),
('901117', '1117', '2024-03-23', '980.5', 'UPI'),
('901118', '1118', '2024-03-27', '189.95', 'Wire'),
('901119', '1119', '2024-03-26', '39.98', 'Wire'),
('901120', '1120', '2024-03-06', '103.99', 'Wire'),
('901121', '1121', '2024-03-18', '711.95', 'Card'),
('901122', '1122', '2024-03-04', '1224.0', 'UPI'),
('901123', '1123', '2024-03-24', '149.97', 'Wire'),
('901124', '1124', '2024-03-09', '662.97', 'Card'),
('901125', '1125', '2024-03-05', '326.97', 'Card'),
('901126', '1126', '2024-03-17', '124.95', 'Card'),
('901127', '1127', '2024-03-01', '611.97', 'Card'),
('901128', '1128', '2024-03-27', '399.98', 'Wire'),
('901129', '1129', '2024-03-09', '600.0', 'UPI'),
('901130', '1130', '2024-03-12', '459.98', 'Card'),
('901131', '1131', '2024-03-09', '39.98', 'Card'),
('901132', '1132', '2024-03-14', '562.99', 'Wire'),
('901133', '1133', '2024-03-16', '79.0', 'Wire'),
('901134', '1134', '2024-03-18', '364.95', 'Wire'),
('901135', '1135', '2024-03-09', '678.88', 'Wire'),
('901136', '1136', '2024-03-28', '451.48', 'Wire'),
('901137', '1137', '2024-03-14', '480.0', 'UPI'),
('901138', '1138', '2024-03-15', '685.5', 'Card'),
('901139', '1139', '2024-03-26', '955.92', 'Wire'),
('901140', '1140', '2024-03-06', '436.0', 'Card'),
('901141', '1141', '2024-03-05', '237.0', 'Card'),
('901142', '1142', '2024-03-21', '779.92', 'UPI'),
('901143', '1143', '2024-03-27', '1250.0', 'Wire'),
('901144', '1144', '2024-03-05', '649.98', 'UPI'),
('901145', '1145', '2024-03-22', '619.93', 'UPI'),
('901146', '1146', '2024-03-10', '390.97', 'Wire'),
('901147', '1147', '2024-03-15', '199.96', 'Wire'),
('901148', '1148', '2024-03-15', '860.96', 'Wire'),
('901149', '1149', '2024-04-16', '240.0', 'Card'),
('901150', '1150', '2024-04-10', '600.0', 'Wire'),
('901151', '1151', '2024-04-25', '139.99', 'Card'),
('901152', '1152', '2024-04-15', '590.97', 'Card'),
('901153', '1153', '2024-04-19', '565.95', 'UPI'),
('901154', '1154', '2024-04-19', '389.97', 'Card'),
('901155', '1155', '2024-04-05', '282.96', 'UPI'),
('901156', '1156', '2024-04-20', '519.94', 'Wire'),
('901157', '1157', '2024-04-20', '781.38', 'Wire'),
('901158', '1158', '2024-04-02', '590.91', 'UPI'),
('901159', '1159', '2024-04-21', '220.98', 'Wire'),
('901160', '1160', '2024-04-20', '1214.49', 'UPI'),
('901161', '1161', '2024-03-31', '600.0', 'Wire'),
('901162', '1162', '2024-04-03', '684.93', 'Card'),
('901163', '1163', '2024-04-11', '539.98', 'Card'),
('901164', '1164', '2024-04-04', '481.95', 'Wire'),
('901165', '1165', '2024-04-20', '490.91', 'Card'),
('901166', '1166', '2024-03-31', '476.45', 'UPI'),
('901167', '1167', '2024-04-04', '667.39', 'UPI'),
('901168', '1168', '2024-04-02', '249.9', 'Card'),
('901169', '1169', '2024-04-27', '1110.96', 'Card'),
('901170', '1170', '2024-04-01', '149.97', 'UPI'),
('901171', '1171', '2024-04-08', '924.9', 'Card'),
('901172', '1172', '2024-04-08', '306.48', 'Card'),
('901173', '1173', '2024-04-10', '711.0', 'UPI'),
('901174', '1174', '2024-03-31', '158.0', 'UPI'),
('901175', '1175', '2024-04-25', '414.99', 'UPI'),
('901176', '1176', '2024-04-04', '120.0', 'Card'),
('901177', '1177', '2024-04-05', '291.0', 'UPI'),
('901178', '1178', '2024-04-23', '600.0', 'Wire'),
('901179', '1179', '2024-04-26', '99.96', 'Card'),
('901180', '1180', '2024-04-06', '240.0', 'UPI'),
('901181', '1181', '2024-04-09', '829.93', 'Wire'),
('901182', '1182', '2024-04-11', '374.91', 'UPI'),
('901183', '1183', '2024-04-27', '493.99', 'Card'),
('901184', '1184', '2024-04-15', '99.95', 'Card'),
('901185', '1185', '2024-04-27', '59.97', 'Card'),
('901186', '1186', '2024-03-31', '409.99', 'Wire'),
('901187', '1187', '2024-04-15', '644.95', 'Wire'),
('901188', '1188', '2024-04-05', '449.0', 'Wire'),
('901189', '1189', '2024-04-17', '74.97', 'Wire'),
('901190', '1190', '2024-04-12', '353.94', 'Wire'),
('901191', '1191', '2024-05-16', '316.0', 'UPI'),
('901192', '1192', '2024-05-24', '249.95', 'Wire'),
('901193', '1193', '2024-05-04', '778.92', 'UPI'),
('901194', '1194', '2024-05-04', '347.95', 'UPI'),
('901195', '1195', '2024-05-04', '356.45', 'Wire'),
('901196', '1196', '2024-05-07', '366.99', 'Card'),
('901197', '1197', '2024-05-04', '386.97', 'Card'),
('901198', '1198', '2024-05-20', '99.98', 'Wire'),
('901199', '1199', '2024-05-01', '316.0', 'UPI'),
('901200', '1200', '2024-05-16', '415.46', 'Card'),
('901201', '1201', '2024-05-07', '803.41', 'UPI'),
('901202', '1202', '2024-05-14', '490.96', 'Wire'),
('901203', '1203', '2024-05-15', '1119.95', 'Card'),
('901204', '1204', '2024-05-26', '590.93', 'UPI'),
('901205', '1205', '2024-05-03', '234.9', 'UPI'),
('901206', '1206', '2024-05-13', '1215.99', 'Wire'),
('901207', '1207', '2024-05-12', '896.97', 'Card'),
('901208', '1208', '2024-05-09', '612.48', 'UPI'),
('901209', '1209', '2024-05-15', '356.46', 'Wire'),
('901210', '1210', '2024-05-24', '493.5', 'UPI'),
('901211', '1211', '2024-05-21', '311.97', 'Wire'),
('901212', '1212', '2024-05-20', '535.95', 'UPI'),
('901213', '1213', '2024-05-04', '778.98', 'UPI'),
('901214', '1214', '2024-05-20', '24.99', 'Card'),
('901215', '1215', '2024-05-20', '1020.95', 'Card'),
('901216', '1216', '2024-05-14', '993.5', 'UPI'),
('901217', '1217', '2024-05-25', '124.95', 'UPI'),
('901218', '1218', '2024-05-06', '194.92', 'UPI'),
('901219', '1219', '2024-05-08', '822.99', 'Card'),
('901220', '1220', '2024-05-15', '257.95', 'UPI'),
('901221', '1221', '2024-05-05', '869.0', 'Wire'),
('901222', '1222', '2024-05-21', '256.5', 'UPI'),
('901223', '1223', '2024-04-30', '19.99', 'UPI'),
('901224', '1224', '2024-05-10', '79.96', 'Wire'),
('901225', '1225', '2024-05-04', '342.0', 'UPI'),
('901226', '1226', '2024-05-10', '74.97', 'Wire'),
('901227', '1227', '2024-05-24', '399.92', 'Wire'),
('901228', '1228', '2024-05-01', '715.92', 'Wire'),
('901229', '1229', '2024-05-11', '459.96', 'Card'),
('901230', '1230', '2024-05-22', '932.49', 'UPI'),
('901231', '1231', '2024-05-12', '237.0', 'Card'),
('901232', '1232', '2024-05-01', '419.99', 'UPI'),
('901233', '1233', '2024-05-19', '275.42', 'UPI'),
('901234', '1234', '2024-05-14', '720.0', 'Card'),
('901235', '1235', '2024-04-30', '416.45', 'Wire'),
('901236', '1236', '2024-05-10', '395.0', 'UPI'),
('901237', '1237', '2024-05-01', '714.91', 'Wire'),
('901238', '1238', '2024-04-30', '485.92', 'Card'),
('901239', '1239', '2024-05-15', '164.5', 'Card'),
('901240', '1240', '2024-05-21', '240.0', 'Card'),
('901241', '1241', '2024-05-15', '249.95', 'Card'),
('901242', '1242', '2024-05-23', '409.98', 'UPI'),
('901243', '1243', '2024-05-02', '461.91', 'Card'),
('901244', '1244', '2024-05-01', '120.0', 'UPI'),
('901245', '1245', '2024-05-26', '237.0', 'Wire'),
('901246', '1246', '2024-05-19', '755.0', 'Wire'),
('901247', '1247', '2024-05-23', '443.44', 'Wire'),
('901248', '1248', '2024-05-24', '549.86', 'Wire'),
('901249', '1249', '2024-05-23', '427.5', 'Wire'),
('901250', '1250', '2024-05-13', '415.96', 'UPI'),
('901251', '1251', '2024-05-07', '827.42', 'Card'),
('901252', '1252', '2024-05-26', '289.93', 'UPI'),
('901253', '1253', '2024-05-15', '435.94', 'Card'),
('901254', '1254', '2024-05-23', '729.95', 'Wire'),
('901255', '1255', '2024-05-06', '355.98', 'UPI'),
('901256', '1256', '2024-05-24', '342.0', 'UPI'),
('901257', '1257', '2024-05-08', '605.98', 'Card'),
('901258', '1258', '2024-05-05', '704.92', 'Card'),
('901259', '1259', '2024-06-14', '699.96', 'Wire'),
('901260', '1260', '2024-05-30', '389.94', 'Card'),
('901261', '1261', '2024-06-14', '228.97', 'Wire'),
('901262', '1262', '2024-06-17', '149.97', 'Card'),
('901263', '1263', '2024-06-01', '120.0', 'UPI'),
('901264', '1264', '2024-06-26', '428.93', 'UPI'),
('901265', '1265', '2024-06-19', '124.95', 'Wire'),
('901266', '1266', '2024-06-13', '149.96', 'Card'),
('901267', '1267', '2024-06-07', '969.95', 'UPI'),
('901268', '1268', '2024-06-19', '691.47', 'UPI'),
('901269', '1269', '2024-06-13', '237.0', 'Wire'),
('901270', '1270', '2024-06-11', '199.96', 'Wire'),
('901271', '1271', '2024-06-13', '243.5', 'Card'),
('901272', '1272', '2024-06-25', '699.98', 'Wire'),
('901273', '1273', '2024-06-11', '24.99', 'Wire'),
('901274', '1274', '2024-06-09', '153.97', 'Card'),
('901275', '1275', '2024-06-06', '342.0', 'UPI'),
('901276', '1276', '2024-06-13', '357.96', 'Card'),
('901277', '1277', '2024-06-07', '659.94', 'Wire'),
('901278', '1278', '2024-06-02', '69.97', 'UPI'),
('901279', '1279', '2024-06-25', '853.5', 'Card'),
('901280', '1280', '2024-06-02', '445.93', 'Wire'),
('901281', '1281', '2024-06-09', '138.97', 'Card'),
('901282', '1282', '2024-06-12', '158.0', 'Wire'),
('901283', '1283', '2024-06-04', '598.5', 'Card'),
('901284', '1284', '2024-06-01', '79.96', 'Wire'),
('901285', '1285', '2024-06-05', '99.95', 'Card'),
('901286', '1286', '2024-06-01', '334.89', 'Card'),
('901287', '1287', '2024-06-12', '727.47', 'UPI'),
('901288', '1288', '2024-06-17', '249.95', 'Wire'),
('901289', '1289', '2024-06-01', '99.98', 'Wire'),
('901290', '1290', '2024-06-21', '564.94', 'Card'),
('901291', '1291', '2024-06-24', '480.0', 'UPI'),
('901292', '1292', '2024-06-04', '149.97', 'UPI'),
('901293', '1293', '2024-05-30', '49.98', 'Wire'),
('901294', '1294', '2024-06-25', '739.94', 'Card'),
('901295', '1295', '2024-06-02', '1054.97', 'Card'),
('901296', '1296', '2024-06-17', '295.95', 'Wire'),
('901297', '1297', '2024-06-11', '579.96', 'UPI'),
('901298', '1298', '2024-06-15', '79.0', 'Wire'),
('901299', '1299', '2024-06-11', '259.93', 'Wire'),
('901300', '1300', '2024-05-31', '456.95', 'UPI'),
('901301', '1301', '2024-05-30', '885.46', 'Card'),
('901302', '1302', '2024-06-20', '171.0', 'Wire'),
('901303', '1303', '2024-06-23', '519.89', 'Wire'),
('901304', '1304', '2024-06-16', '19.99', 'Wire'),
('901305', '1305', '2024-06-15', '158.0', 'Card'),
('901306', '1306', '2024-07-08', '269.93', 'Wire'),
('901307', '1307', '2024-07-13', '118.98', 'Wire'),
('901308', '1308', '2024-07-17', '249.92', 'Wire'),
('901309', '1309', '2024-07-18', '527.46', 'UPI'),
('901310', '1310', '2024-07-13', '556.96', 'Wire'),
('901311', '1311', '2024-07-05', '860.91', 'Wire'),
('901312', '1312', '2024-07-07', '804.0', 'Card'),
('901313', '1313', '2024-07-26', '395.96', 'UPI'),
('901314', '1314', '2024-07-02', '286.98', 'UPI'),
('901315', '1315', '2024-07-03', '349.9', 'Card'),
('901316', '1316', '2024-07-26', '758.93', 'Card'),
('901317', '1317', '2024-07-11', '336.95', 'Card'),
('901318', '1318', '2024-07-26', '794.9', 'UPI'),
('901319', '1319', '2024-07-11', '895.98', 'UPI'),
('901320', '1320', '2024-07-24', '790.0', 'Card'),
('901321', '1321', '2024-07-25', '848.45', 'Card'),
('901322', '1322', '2024-06-30', '579.86', 'UPI'),
('901323', '1323', '2024-07-15', '504.96', 'UPI'),
('901324', '1324', '2024-07-15', '729.95', 'Wire'),
('901325', '1325', '2024-07-16', '658.0', 'Wire'),
('901326', '1326', '2024-07-18', '406.44', 'Wire'),
('901327', '1327', '2024-07-01', '474.95', 'UPI'),
('901328', '1328', '2024-07-19', '99.95', 'UPI'),
('901329', '1329', '2024-07-12', '619.99', 'Wire'),
('901330', '1330', '2024-07-19', '99.96', 'Card'),
('901331', '1331', '2024-07-08', '199.96', 'Card'),
('901332', '1332', '2024-06-29', '171.0', 'Wire'),
('901333', '1333', '2024-07-16', '204.91', 'Wire'),
('901334', '1334', '2024-07-02', '447.49', 'Card'),
('901335', '1335', '2024-07-01', '474.96', 'Wire'),
('901336', '1336', '2024-07-19', '124.95', 'Wire'),
('901337', '1337', '2024-07-21', '235.47', 'Wire'),
('901338', '1338', '2024-07-02', '99.98', 'Wire'),
('901339', '1339', '2024-07-11', '240.0', 'Wire'),
('901340', '1340', '2024-07-23', '79.0', 'UPI'),
('901341', '1341', '2024-07-06', '279.98', 'Wire'),
('901342', '1342', '2024-07-26', '680.93', 'UPI'),
('901343', '1343', '2024-07-17', '553.0', 'Card'),
('901344', '1344', '2024-07-01', '414.5', 'Card'),
('901345', '1345', '2024-07-11', '639.92', 'UPI'),
('901346', '1346', '2024-07-02', '1083.92', 'Card'),
('901347', '1347', '2024-06-30', '295.97', 'Card'),
('901348', '1348', '2024-07-07', '237.96', 'Card'),
('901349', '1349', '2024-07-10', '494.96', 'Card'),
('901350', '1350', '2024-07-14', '391.98', 'UPI'),
('901351', '1351', '2024-07-18', '534.93', 'Card'),
('901352', '1352', '2024-07-02', '59.97', 'UPI'),
('901353', '1353', '2024-07-23', '1361.49', 'UPI'),
('901354', '1354', '2024-07-23', '124.97', 'Card'),
('901355', '1355', '2024-08-23', '400.47', 'Wire'),
('901356', '1356', '2024-08-24', '615.93', 'Card'),
('901357', '1357', '2024-08-19', '520.96', 'Wire'),
('901358', '1358', '2024-08-01', '299.94', 'UPI'),
('901359', '1359', '2024-08-20', '79.0', 'UPI'),
('901360', '1360', '2024-08-11', '178.98', 'UPI'),
('901361', '1361', '2024-08-18', '119.94', 'UPI'),
('901362', '1362', '2024-08-06', '1134.94', 'UPI'),
('901363', '1363', '2024-07-30', '384.99', 'Card'),
('901364', '1364', '2024-08-09', '316.0', 'UPI'),
('901365', '1365', '2024-08-24', '609.95', 'Wire'),
('901366', '1366', '2024-08-08', '806.97', 'Card'),
('901367', '1367', '2024-08-20', '658.47', 'Card'),
('901368', '1368', '2024-08-03', '514.93', 'Card'),
('901369', '1369', '2024-08-19', '970.92', 'Card'),
('901370', '1370', '2024-08-09', '527.45', 'UPI'),
('901371', '1371', '2024-08-15', '768.96', 'Card'),
('901372', '1372', '2024-08-13', '269.97', 'Card'),
('901373', '1373', '2024-08-20', '651.5', 'UPI'),
('901374', '1374', '2024-08-07', '139.99', 'Wire'),
('901375', '1375', '2024-08-13', '74.97', 'UPI'),
('901376', '1376', '2024-08-06', '99.96', 'Wire'),
('901377', '1377', '2024-08-04', '844.95', 'UPI'),
('901378', '1378', '2024-08-20', '314.97', 'Card'),
('901379', '1379', '2024-08-10', '577.47', 'UPI'),
('901380', '1380', '2024-08-01', '581.41', 'Wire'),
('901381', '1381', '2024-08-09', '159.95', 'Card'),
('901382', '1382', '2024-08-01', '963.95', 'UPI'),
('901383', '1383', '2024-07-31', '220.98', 'Wire'),
('901384', '1384', '2024-08-10', '480.0', 'Wire'),
('901385', '1385', '2024-08-04', '377.95', 'Wire'),
('901386', '1386', '2024-08-19', '79.96', 'Wire'),
('901387', '1387', '2024-08-12', '49.98', 'UPI'),
('901388', '1388', '2024-08-10', '579.95', 'Wire'),
('901389', '1389', '2024-08-15', '524.94', 'Wire'),
('901390', '1390', '2024-08-17', '360.0', 'UPI'),
('901391', '1391', '2024-08-07', '419.9', 'Card'),
('901392', '1392', '2024-08-19', '782.4', 'Wire'),
('901393', '1393', '2024-08-05', '667.99', 'Card'),
('901394', '1394', '2024-08-18', '427.5', 'UPI'),
('901395', '1395', '2024-08-20', '710.44', 'UPI'),
('901396', '1396', '2024-08-16', '79.0', 'Wire'),
('901397', '1397', '2024-08-25', '124.95', 'Card'),
('901398', '1398', '2024-08-24', '802.98', 'UPI'),
('901399', '1399', '2024-08-10', '480.0', 'UPI'),
('901400', '1400', '2024-08-04', '218.95', 'UPI'),
('901401', '1401', '2024-08-21', '356.46', 'Wire'),
('901402', '1402', '2024-08-05', '899.91', 'Wire'),
('901403', '1403', '2024-08-09', '409.96', 'Card'),
('901404', '1404', '2024-08-12', '79.96', 'Card'),
('901405', '1405', '2024-08-13', '360.0', 'Card'),
('901406', '1406', '2024-08-15', '777.41', 'UPI'),
('901407', '1407', '2024-08-23', '781.0', 'UPI'),
('901408', '1408', '2024-08-25', '120.0', 'Card'),
('901409', '1409', '2024-08-24', '515.91', 'Card'),
('901410', '1410', '2024-08-08', '199.93', 'Card'),
('901411', '1411', '2024-08-03', '665.91', 'Wire');
